email,first_name,last_name,password
Amanda.Stephens933@outlook.com,Sherryl,Bogren,Password007!
Tracie_Valverde129@outlook.com,Max,Luening,Password007!
George_Webb814@outlook.com,Akilah,Angelica,Password007!






SherrylBogren@web.de,Sherryl,Bogren,Password007!
MaxLuening@web.de,Max,Luening,Password007!
AkilahAngelica@web.de,Akilah,Angelica,Password007!
CecilleAdamsonis@web.de,Cecille,Adamsonis,Password007!
EarlePollara@web.de,Earle,Pollara,Password007!
TaylorGuildford@web.de,Taylor,Guildford,Password007!
LukeHimmelmann@web.de,Luke,Himmelmann,Password007!
JamesHoldiness@web.de,James,Holdiness,Password007!
MarceloZander@web.de,Marcelo,Zander,Password007!
QuentinWentzell@web.de,Quentin,Wentzell,Password007!
KymBrophy@web.de,Kym,Brophy,Password007!
ReaganGeddie@web.de,Reagan,Geddie,Password007!
StefaniaKnighten@web.de,Stefania,Knighten,Password007!
ClaudioSweigart@web.de,Claudio,Sweigart,Password007!
JonnieClouatre@web.de,Jonnie,Clouatre,Password007!
LovellaMandahl@web.de,Lovella,Mandahl,Password007!
JettaMariacher@web.de,Jetta,Mariacher,Password007!
LouraLucash@web.de,Loura,Lucash,Password007!
VickyEischens@web.de,Vicky,Eischens,Password007!
StephaneSharon@web.de,Stephane,Sharon,wLP9qjfDDp!
ClarenceJhonston@web.de,Clarence,Jhonston,Z0zdOrLETB!
ElmiraDelmendo@web.de,Elmira,Delmendo,Password007!
SherilynLessig@web.de,Sherilyn,Lessig,Password007!
ArielOstrov@web.de,Ariel,Ostrov,Password007!
TobiasSettlemire@web.de,Tobias,Settlemire,Password007!
TannaMichener@web.de,Tanna,Michener,Password007!
DwightPatriarco@web.de,Dwight,Patriarco,Password007!
CleoZou@web.de,Cleo,Zou,Password007!
JohnathanGrossmann@web.de,Johnathan,Grossmann,Password007!
AmandaMerle@web.de,Amanda,Merle,Password007!
SuzieOrielley@web.de,Suzie,Orielley,Password007!
LeomaAmante@web.de,Leoma,Amante,Password007!
DovieCieszynski@web.de,Dovie,Cieszynski,Password007!
KennyChiavaroli@web.de,Kenny,Chiavaroli,Password007!
HoustonKlosterman@web.de,Houston,Klosterman,Password007!
ZacheryTolve@web.de,Zachery,Tolve,Password007!
DarbyAtzhorn@web.de,Darby,Atzhorn,Password007!
JackieNeujahr@web.de,Jackie,Neujahr,Password007!
LupitaSlack@web.de,Lupita,Slack,Password007!
EbonyVicoy@web.de,Ebony,Vicoy,Password007!
MilesClara@web.de,Miles,Clara,Password007!
VivianaPavliska@web.de,Viviana,Pavliska,Password007!
RositaRao@web.de,Rosita,Rao,Password007!
DanetteMazzie@web.de,Danette,Mazzie,Password007!
AbdulFadel@web.de,Abdul,Fadel,Password007!
ShannonCocks@web.de,Shannon,Cocks,Password007!
TyronOberlander@web.de,Tyron,Oberlander,Password007!
TrinhGarib@web.de,Trinh,Garib,Password007!